State_Abbr,State,Medicaid_Expanded,Total_Financial_Assistance_Apps_Submitted,Medicaid_Indiv_Elig_Applied,CHIP_Indiv_Elig_Applied,Total Medicaid and CHIP Determinations,Total_Enrollment,Latitude,Longitude,Tot_Medicaid_Enroll,Tot_CHIP_Enroll,Month,Year
OK,Oklahoma,N,53653.0,48783.0,9442.0,58225.0,730160,42.1497,-74.9384,608692,121468,Jan,2019
NJ,New Jersey,Y,54916.0,18347.0,7583.0,25930.0,1730812,41.1289,-98.2883,1518570,212242,Jan,2019
IN,Indiana,Y,98151.0,41697.0,3343.0,45040.0,1454519,40.3363,-89.0022,1340724,113795,Jan,2019
TX,Texas,N,146420.0,104468.0,19161.0,123629.0,4297684,33.8191,-80.9066,3689464,608220,Jan,2019
NY,New York,Y,766142.0,125149.0,6492.0,131641.0,6555401,34.8375,-106.2371,5909269,646132,Jan,2019
MI,Michigan,Y,50661.0,46450.0,1748.0,48198.0,2335095,44.6074,-69.3977,2272598,62497,Jan,2019
KS,Kansas,N,0.0,0.0,0.0,0.0,390420,39.8647,-86.2604,334248,56172,Jan,2019
WY,Wyoming,N,1769.0,856.0,30.0,886.0,58059,44.0407,-72.7093,53418,4641,Jan,2019
WV,West Virginia,Y,28185.0,16810.0,976.0,17786.0,520219,18.0001,-64.8199,486589,33630,Jan,2019
MA,Massachusetts,Y,24175.0,0.0,0.0,0.0,1559003,31.1801,-91.8749,1377342,181661,Jan,2019
IA,Iowa,Y,14955.0,1287.0,0.0,1287.0,692326,21.1098,-157.5311,620717,71609,Jan,2019
MO,Missouri,N,21700.0,9664.0,0.0,9664.0,887297,45.7326,-93.9196,855629,31668,Jan,2019
ND,North Dakota,Y,2187.0,2198.0,64.0,2262.0,91060,46.9048,-110.3261,88885,2175,Jan,2019
NC,North Carolina,N,23960.0,35059.0,4786.0,39845.0,1754020,32.7673,-89.6812,1495121,258899,Jan,2019
DC,District of Columbia,Y,3845.0,3916.0,0.0,3916.0,256704,41.5834,-72.7622,240481,16223,Jan,2019
SC,South Carolina,N,25718.0,6839.0,285.0,7124.0,1048346,40.5773,-77.264,957616,90730,Jan,2019
ID,Idaho,N,10819.0,8233.0,1039.0,9272.0,267944,42.0046,-93.214,241187,26757,Jan,2019
FL,Florida,N,333583.0,182942.0,24840.0,207782.0,3679990,39.3498,-75.5148,3450613,229377,Jan,2019
OH,Ohio,Y,73453.0,59212.0,3316.0,62528.0,2650867,38.4199,-117.1219,2444657,206210,Jan,2019
CT,Connecticut,Y,19270.0,16806.0,414.0,17220.0,861977,39.0646,-105.3272,841860,20117,Jan,2019
RI,Rhode Island,Y,2478.0,4831.0,630.0,5461.0,309557,44.5672,-122.1269,276472,33085,Jan,2019
AR,Arkansas,Y,22763.0,9516.0,382.0,9898.0,847899,34.9513,-92.3809,759851,88048,Jan,2019
WI,Wisconsin,N,24145.0,20365.0,1589.0,21954.0,1021451,37.768,-78.2057,950778,70673,Jan,2019
WA,Washington,Y,154712.0,106611.0,1972.0,108583.0,1731888,40.1135,-111.8535,1661475,70413,Jan,2019
NH,New Hampshire,Y,9700.0,5971.0,587.0,6558.0,183652,47.5362,-99.79299999999999,168348,15304,Jan,2019
DE,Delaware,Y,3059.0,5078.0,701.0,5779.0,249243,38.8964,-77.0262,237759,11484,Jan,2019
ME,Maine,Y,9522.0,9420.0,531.0,9951.0,259597,39.0724,-76.7902,249132,10465,Jan,2019
PA,Pennsylvania,Y,99201.0,92104.0,11680.0,103784.0,2968478,35.5376,-96.9247,2787576,180902,Jan,2019
AZ,Arizona,Y,112351.0,0.0,0.0,0.0,1701450,14.2417,-170.7197,1597610,103840,Jan,2019
SD,South Dakota,N,2801.0,1691.0,0.0,1691.0,111178,18.2766,-66.335,95120,16058,Jan,2019
VT,Vermont,Y,4437.0,6021.0,192.0,6213.0,158440,31.105999999999998,-97.6475,153809,4631,Jan,2019
MS,Mississippi,N,20402.0,13800.0,951.0,14751.0,621789,38.4623,-92.302,545656,76133,Jan,2019
MD,Maryland,Y,108468.0,30452.0,4225.0,34677.0,1327948,42.2373,-71.5314,1154458,173490,Jan,2019
KY,Kentucky,Y,11377.0,43322.0,2481.0,45803.0,1219510,38.5111,-96.8005,1126555,92955,Jan,2019
NE,Nebraska,N,6957.0,5751.0,1016.0,6767.0,246966,35.6411,-79.8431,211826,35140,Jan,2019
CO,Colorado,Y,28606.0,24309.0,452.0,24761.0,1297913,36.17,-119.7462,1217694,80219,Jan,2019
IL,Illinois,Y,64477.0,28560.0,9407.0,37967.0,2844317,44.2394,-114.5103,2590754,253563,Jan,2019
AK,Alaska,Y,3032.0,3156.0,158.0,3314.0,216175,61.385,-152.2683,201038,15137,Jan,2019
VA,Virginia,Y,38235.0,29512.0,856.0,30368.0,1237262,35.7449,-86.7489,1095021,142241,Jan,2019
UT,Utah,N,21298.0,35550.0,0.0,35550.0,288016,44.2853,-99.4632,244485,43531,Jan,2019
TN,Tennessee,N,0.0,0.0,0.0,0.0,1401651,41.6772,-71.5101,1347322,54329,Jan,2019
MN,Minnesota,Y,41235.0,28089.0,52.0,28141.0,1057747,43.3504,-84.5603,1056536,1211,Jan,2019
MT,Montana,Y,3900.0,4523.0,571.0,5094.0,280455,14.8058,145.5505,251146,29309,Jan,2019
NV,Nevada,Y,20134.0,13222.0,63.0,13285.0,635194,40.314,-74.5089,593290,41904,Jan,2019
CA,California,Y,236381.0,166680.0,15837.0,182517.0,11914394,33.7712,-111.3877,10603177,1311217,Jan,2019
OR,Oregon,Y,14697.0,25812.0,3185.0,28997.0,983156,40.3736,-82.7755,855544,127612,Jan,2019
HI,Hawaii,Y,5248.0,6290.0,452.0,6742.0,330410,32.9866,-83.6487,305133,25277,Jan,2019
GA,Georgia,N,45292.0,30826.0,1186.0,32012.0,1838259,27.8333,-81.717,1623095,215164,Jan,2019
AL,Alabama,N,20505.0,14957.0,2510.0,17467.0,916037,32.799,-86.8073,742816,173221,Jan,2019
LA,Louisiana,Y,31532.0,19131.0,1357.0,20488.0,1592641,37.669000000000004,-84.6514,1458967,133674,Jan,2019
NM,New Mexico,Y,13009.0,19621.0,1491.0,21112.0,729051,43.4108,-71.5653,691836,37215,Jan,2019
DE,Delaware,Y,2606.0,4381.0,659.0,5040.0,249479,38.8964,-77.0262,237975,11504,Feb,2019
RI,Rhode Island,Y,1982.0,2943.0,406.0,3349.0,305218,44.5672,-122.1269,272489,32729,Feb,2019
MS,Mississippi,N,18313.0,11632.0,707.0,12339.0,621825,38.4623,-92.302,545297,76528,Feb,2019
WA,Washington,Y,121024.0,78296.0,1490.0,79786.0,1723417,40.1135,-111.8535,1652983,70434,Feb,2019
WY,Wyoming,N,1242.0,784.0,36.0,820.0,57594,44.0407,-72.7093,52882,4712,Feb,2019
SD,South Dakota,N,2171.0,1226.0,0.0,1226.0,111231,18.2766,-66.335,95205,16026,Feb,2019
ME,Maine,Y,7843.0,9114.0,644.0,9758.0,257984,39.0724,-76.7902,247725,10259,Feb,2019
AK,Alaska,Y,3865.0,3084.0,173.0,3257.0,217468,61.385,-152.2683,202090,15378,Feb,2019
NY,New York,Y,739497.0,152115.0,6170.0,158285.0,6545353,34.8375,-106.2371,5895161,650192,Feb,2019
MT,Montana,Y,3238.0,3737.0,420.0,4157.0,280624,14.8058,145.5505,251191,29433,Feb,2019
NH,New Hampshire,Y,7106.0,4232.0,416.0,4648.0,182131,47.5362,-99.79299999999999,166972,15159,Feb,2019
CO,Colorado,Y,22654.0,19023.0,380.0,19403.0,1295847,36.17,-119.7462,1214595,81252,Feb,2019
MO,Missouri,N,18443.0,8996.0,538.0,9534.0,882720,45.7326,-93.9196,850474,32246,Feb,2019
KS,Kansas,N,0.0,0.0,0.0,0.0,380638,39.8647,-86.2604,324594,56044,Feb,2019
VT,Vermont,Y,6129.0,5035.0,176.0,5211.0,157910,31.105999999999998,-97.6475,153307,4603,Feb,2019
MD,Maryland,Y,92505.0,26166.0,2967.0,29133.0,1315090,42.2373,-71.5314,1158817,156273,Feb,2019
CA,California,Y,160957.0,149920.0,14302.0,164222.0,11884268,33.7712,-111.3877,10573509,1310759,Feb,2019
OR,Oregon,Y,12177.0,23045.0,2826.0,25871.0,985423,40.3736,-82.7755,857163,128260,Feb,2019
AL,Alabama,N,18173.0,14284.0,2069.0,16353.0,919053,32.799,-86.8073,745164,173889,Feb,2019
UT,Utah,N,17043.0,35290.0,0.0,35290.0,287932,44.2853,-99.4632,244379,43553,Feb,2019
IL,Illinois,Y,61362.0,22839.0,7498.0,30337.0,2824308,44.2394,-114.5103,2569171,255137,Feb,2019
HI,Hawaii,Y,4600.0,5096.0,360.0,5456.0,331889,32.9866,-83.6487,306351,25538,Feb,2019
LA,Louisiana,Y,28824.0,19786.0,1385.0,21171.0,1593351,37.669000000000004,-84.6514,1458268,135083,Feb,2019
KY,Kentucky,Y,9239.0,34193.0,6732.0,40925.0,1216189,38.5111,-96.8005,1123120,93069,Feb,2019
PA,Pennsylvania,Y,83044.0,78044.0,9391.0,87435.0,2962054,35.5376,-96.9247,2781084,180970,Feb,2019
NM,New Mexico,Y,11068.0,15844.0,1451.0,17295.0,728697,43.4108,-71.5653,691140,37557,Feb,2019
VA,Virginia,Y,30071.0,23999.0,688.0,24687.0,1251260,35.7449,-86.7489,1108915,142345,Feb,2019
OK,Oklahoma,N,42977.0,40244.0,8769.0,49013.0,729622,42.1497,-74.9384,604453,125169,Feb,2019
TN,Tennessee,N,0.0,0.0,0.0,0.0,1431593,41.6772,-71.5101,1377356,54237,Feb,2019
IN,Indiana,Y,87809.0,34391.0,3156.0,37547.0,1464635,40.3363,-89.0022,1350840,113795,Feb,2019
GA,Georgia,N,39862.0,27493.0,1046.0,28539.0,1835052,27.8333,-81.717,1618389,216663,Feb,2019
MI,Michigan,Y,44693.0,43120.0,1687.0,44807.0,2356612,44.6074,-69.3977,2295266,61346,Feb,2019
ND,North Dakota,Y,1810.0,1791.0,45.0,1836.0,90765,46.9048,-110.3261,88622,2143,Feb,2019
NC,North Carolina,N,20480.0,30780.0,3808.0,34588.0,1754170,32.7673,-89.6812,1492301,261869,Feb,2019
CT,Connecticut,Y,15148.0,13403.0,321.0,13724.0,862725,39.0646,-105.3272,842741,19984,Feb,2019
IA,Iowa,Y,13883.0,1191.0,0.0,1191.0,693646,21.1098,-157.5311,620988,72658,Feb,2019
MA,Massachusetts,Y,18532.0,0.0,0.0,0.0,1561612,31.1801,-91.8749,1375444,186168,Feb,2019
AR,Arkansas,Y,19769.0,7758.0,303.0,8061.0,847996,34.9513,-92.3809,758722,89274,Feb,2019
OH,Ohio,Y,65426.0,53090.0,2901.0,55991.0,2649555,38.4199,-117.1219,2443878,205677,Feb,2019
MN,Minnesota,Y,25616.0,19333.0,43.0,19376.0,1053901,43.3504,-84.5603,1052631,1270,Feb,2019
NE,Nebraska,N,6159.0,4982.0,854.0,5836.0,247508,35.6411,-79.8431,212330,35178,Feb,2019
FL,Florida,N,251794.0,201395.0,21669.0,223064.0,3678155,39.3498,-75.5148,3444643,233512,Feb,2019
NV,Nevada,Y,17472.0,11326.0,82.0,11408.0,633325,40.314,-74.5089,591155,42170,Feb,2019
WV,West Virginia,Y,21036.0,11056.0,544.0,11600.0,520427,18.0001,-64.8199,486773,33654,Feb,2019
WI,Wisconsin,N,21945.0,16293.0,1074.0,17367.0,1033735,37.768,-78.2057,962566,71169,Feb,2019
DC,District of Columbia,Y,3097.0,3141.0,0.0,3141.0,257870,41.5834,-72.7622,241419,16451,Feb,2019
AZ,Arizona,Y,94300.0,0.0,0.0,0.0,1701411,14.2417,-170.7197,1596840,104571,Feb,2019
SC,South Carolina,N,30421.0,6524.0,265.0,6789.0,1050510,40.5773,-77.264,959314,91196,Feb,2019
TX,Texas,N,118994.0,81430.0,14508.0,95938.0,4283333,33.8191,-80.9066,3693097,590236,Feb,2019
NJ,New Jersey,Y,35770.0,14555.0,8877.0,23432.0,1727697,41.1289,-98.2883,1514473,213224,Feb,2019
ID,Idaho,N,7428.0,5736.0,563.0,6299.0,269916,42.0046,-93.214,243379,26537,Feb,2019
NC,North Carolina,N,21212.0,32061.0,3649.0,35710.0,1748628,32.7673,-89.6812,1484985,263643,Mar,2019
ND,North Dakota,Y,2721.0,1875.0,36.0,1911.0,91995,46.9048,-110.3261,89842,2153,Mar,2019
MA,Massachusetts,Y,20610.0,0.0,0.0,0.0,1567177,31.1801,-91.8749,1381476,185701,Mar,2019
OK,Oklahoma,N,42114.0,38379.0,7912.0,46291.0,724011,42.1497,-74.9384,603925,120086,Mar,2019
IL,Illinois,Y,66749.0,26602.0,9161.0,35763.0,2800206,44.2394,-114.5103,2542959,257247,Mar,2019
AR,Arkansas,Y,20328.0,9410.0,444.0,9854.0,851648,34.9513,-92.3809,761756,89892,Mar,2019
VT,Vermont,Y,4372.0,5671.0,169.0,5840.0,156965,31.105999999999998,-97.6475,152289,4676,Mar,2019
IN,Indiana,Y,96587.0,37569.0,3227.0,40796.0,1466847,40.3363,-89.0022,1353101,113746,Mar,2019
NV,Nevada,Y,19560.0,12602.0,88.0,12690.0,632884,40.314,-74.5089,590585,42299,Mar,2019
NE,Nebraska,N,5919.0,5397.0,871.0,6268.0,247508,35.6411,-79.8431,212330,35178,Mar,2019
DC,District of Columbia,Y,3833.0,4001.0,0.0,4001.0,259280,41.5834,-72.7622,242638,16642,Mar,2019
MS,Mississippi,N,19291.0,12827.0,644.0,13471.0,621824,38.4623,-92.302,545168,76656,Mar,2019
ID,Idaho,N,7693.0,6319.0,589.0,6908.0,271203,42.0046,-93.214,244691,26512,Mar,2019
FL,Florida,N,251925.0,172800.0,22702.0,195502.0,3655668,39.3498,-75.5148,3423439,232229,Mar,2019
IA,Iowa,Y,15151.0,1247.0,0.0,1247.0,693244,21.1098,-157.5311,619879,73365,Mar,2019
UT,Utah,N,22417.0,54319.0,0.0,54319.0,287706,44.2853,-99.4632,245886,41820,Mar,2019
OH,Ohio,Y,70905.0,59595.0,3082.0,62677.0,2651279,38.4199,-117.1219,2446724,204555,Mar,2019
MD,Maryland,Y,94171.0,30083.0,3209.0,33292.0,1318895,42.2373,-71.5314,1163490,155405,Mar,2019
WV,West Virginia,Y,22002.0,12069.0,699.0,12768.0,517439,18.0001,-64.8199,483351,34088,Mar,2019
AZ,Arizona,Y,102019.0,0.0,0.0,0.0,1703074,14.2417,-170.7197,1598692,104382,Mar,2019
SC,South Carolina,N,24125.0,5651.0,313.0,5964.0,1053679,40.5773,-77.264,962728,90951,Mar,2019
MN,Minnesota,Y,28630.0,22062.0,49.0,22111.0,1050156,43.3504,-84.5603,1048892,1264,Mar,2019
KS,Kansas,N,0.0,0.0,0.0,0.0,381525,39.8647,-86.2604,325130,56395,Mar,2019
GA,Georgia,N,42435.0,27076.0,919.0,27995.0,1832021,27.8333,-81.717,1617553,214468,Mar,2019
AK,Alaska,Y,3588.0,3363.0,271.0,3634.0,217793,61.385,-152.2683,202397,15396,Mar,2019
WI,Wisconsin,N,23804.0,17498.0,1055.0,18553.0,1028591,37.768,-78.2057,961553,67038,Mar,2019
MI,Michigan,Y,53684.0,47343.0,1750.0,49093.0,2347936,44.6074,-69.3977,2285967,61969,Mar,2019
NJ,New Jersey,Y,41430.0,18351.0,7733.0,26084.0,1729014,41.1289,-98.2883,1513945,215069,Mar,2019
CO,Colorado,Y,22808.0,19553.0,421.0,19974.0,1290183,36.17,-119.7462,1208335,81848,Mar,2019
WY,Wyoming,N,1431.0,795.0,35.0,830.0,57835,44.0407,-72.7093,53162,4673,Mar,2019
TN,Tennessee,N,10886.0,0.0,0.0,0.0,1440079,41.6772,-71.5101,1386672,53407,Mar,2019
ME,Maine,Y,8118.0,10924.0,511.0,11435.0,261896,39.0724,-76.7902,251224,10672,Mar,2019
RI,Rhode Island,Y,1975.0,3112.0,427.0,3539.0,304979,44.5672,-122.1269,271732,33247,Mar,2019
MO,Missouri,N,20913.0,10159.0,559.0,10718.0,875069,45.7326,-93.9196,842409,32660,Mar,2019
SD,South Dakota,N,2397.0,1321.0,0.0,1321.0,110982,18.2766,-66.335,95058,15924,Mar,2019
LA,Louisiana,Y,31342.0,43468.0,5369.0,48837.0,1597640,37.669000000000004,-84.6514,1458128,139512,Mar,2019
WA,Washington,Y,140506.0,99497.0,1686.0,101183.0,1719703,40.1135,-111.8535,1648049,71654,Mar,2019
MT,Montana,Y,3610.0,4048.0,368.0,4416.0,278685,14.8058,145.5505,249170,29515,Mar,2019
NH,New Hampshire,Y,8104.0,4719.0,469.0,5188.0,181447,47.5362,-99.79299999999999,166526,14921,Mar,2019
DE,Delaware,Y,2847.0,4763.0,754.0,5517.0,248869,38.8964,-77.0262,237412,11457,Mar,2019
VA,Virginia,Y,31564.0,28056.0,775.0,28831.0,1291923,35.7449,-86.7489,1147269,144654,Mar,2019
AL,Alabama,N,18688.0,15347.0,1967.0,17314.0,918238,32.799,-86.8073,744859,173379,Mar,2019
CA,California,Y,154829.0,153728.0,13946.0,167674.0,11874143,33.7712,-111.3877,10560707,1313436,Mar,2019
OR,Oregon,Y,13251.0,24999.0,3123.0,28122.0,988001,40.3736,-82.7755,859392,128609,Mar,2019
PA,Pennsylvania,Y,95678.0,87958.0,9846.0,97804.0,2963045,35.5376,-96.9247,2781660,181385,Mar,2019
NM,New Mexico,Y,12054.0,17822.0,9380.0,27202.0,728860,43.4108,-71.5653,691007,37853,Mar,2019
NY,New York,Y,897673.0,105554.0,7100.0,112654.0,6542092,34.8375,-106.2371,5885385,656707,Mar,2019
TX,Texas,N,129669.0,87561.0,15574.0,103135.0,4278690,33.8191,-80.9066,3674836,603854,Mar,2019
HI,Hawaii,Y,4995.0,5089.0,350.0,5439.0,329688,32.9866,-83.6487,304337,25351,Mar,2019
CT,Connecticut,Y,16874.0,14364.0,339.0,14703.0,867305,39.0646,-105.3272,847517,19788,Mar,2019
KY,Kentucky,Y,9497.0,35642.0,1856.0,37498.0,1215240,38.5111,-96.8005,1125996,89244,Mar,2019
ME,Maine,Y,7784.0,10662.0,616.0,11278.0,260230,39.0724,-76.7902,249461,10769,Apr,2019
NM,New Mexico,Y,12481.0,20298.0,1566.0,21864.0,731467,43.4108,-71.5653,694529,36938,Apr,2019
TN,Tennessee,N,12821.0,0.0,0.0,0.0,1453895,41.6772,-71.5101,1398565,55330,Apr,2019
MT,Montana,Y,3840.0,3831.0,352.0,4183.0,277567,14.8058,145.5505,247950,29617,Apr,2019
MS,Mississippi,N,18887.0,12062.0,637.0,12699.0,621816,38.4623,-92.302,545160,76656,Apr,2019
WI,Wisconsin,N,24487.0,18693.0,1118.0,19811.0,1038232,37.768,-78.2057,969497,68735,Apr,2019
DE,Delaware,Y,2756.0,5075.0,746.0,5821.0,248203,38.8964,-77.0262,236965,11238,Apr,2019
MI,Michigan,Y,56872.0,52569.0,1838.0,54407.0,2334794,44.6074,-69.3977,2272953,61841,Apr,2019
CO,Colorado,Y,24716.0,20962.0,380.0,21342.0,1278581,36.17,-119.7462,1195073,83508,Apr,2019
MO,Missouri,N,21607.0,11436.0,471.0,11907.0,863688,45.7326,-93.9196,831369,32319,Apr,2019
OH,Ohio,Y,75676.0,63089.0,3481.0,66570.0,2654102,38.4199,-117.1219,2451306,202796,Apr,2019
SC,South Carolina,N,23789.0,6657.0,195.0,6852.0,1054717,40.5773,-77.264,963525,91192,Apr,2019
AK,Alaska,Y,3368.0,3053.0,202.0,3255.0,218972,61.385,-152.2683,203524,15448,Apr,2019
NJ,New Jersey,Y,33679.0,20399.0,7848.0,28247.0,1727206,41.1289,-98.2883,1508835,218371,Apr,2019
AL,Alabama,N,15057.0,14461.0,1768.0,16229.0,915575,32.799,-86.8073,742955,172620,Apr,2019
LA,Louisiana,Y,28245.0,18748.0,1953.0,20701.0,1547087,37.669000000000004,-84.6514,1405697,141390,Apr,2019
CT,Connecticut,Y,16974.0,14993.0,353.0,15346.0,863051,39.0646,-105.3272,843376,19675,Apr,2019
VA,Virginia,Y,30553.0,25148.0,805.0,25953.0,1305392,35.7449,-86.7489,1160943,144449,Apr,2019
IN,Indiana,Y,94483.0,41133.0,3676.0,44809.0,1467864,40.3363,-89.0022,1355107,112757,Apr,2019
KY,Kentucky,Y,9362.0,36000.0,1845.0,37845.0,1208019,38.5111,-96.8005,1120378,87641,Apr,2019
PA,Pennsylvania,Y,95185.0,91606.0,10861.0,102467.0,2974264,35.5376,-96.9247,2791293,182971,Apr,2019
WY,Wyoming,N,1538.0,832.0,37.0,869.0,58027,44.0407,-72.7093,53354,4673,Apr,2019
TX,Texas,N,141848.0,90136.0,14342.0,104478.0,4231596,33.8191,-80.9066,3645976,585620,Apr,2019
IL,Illinois,Y,66353.0,31374.0,10307.0,41681.0,2815518,44.2394,-114.5103,2555029,260489,Apr,2019
HI,Hawaii,Y,5043.0,5431.0,351.0,5782.0,329868,32.9866,-83.6487,304277,25591,Apr,2019
NV,Nevada,Y,21539.0,13147.0,59.0,13206.0,632525,40.314,-74.5089,591916,40609,Apr,2019
CA,California,Y,162234.0,156263.0,13817.0,170080.0,11824373,33.7712,-111.3877,10509928,1314445,Apr,2019
RI,Rhode Island,Y,2108.0,3303.0,487.0,3790.0,303377,44.5672,-122.1269,272618,30759,Apr,2019
OR,Oregon,Y,13425.0,24977.0,2942.0,27919.0,987718,40.3736,-82.7755,858912,128806,Apr,2019
MA,Massachusetts,Y,19606.0,0.0,0.0,0.0,1574046,31.1801,-91.8749,1387339,186707,Apr,2019
FL,Florida,N,278239.0,169823.0,20510.0,190333.0,3662149,39.3498,-75.5148,3426817,235332,Apr,2019
VT,Vermont,Y,4858.0,5392.0,202.0,5594.0,156170,31.105999999999998,-97.6475,151531,4639,Apr,2019
DC,District of Columbia,Y,3942.0,3973.0,0.0,3973.0,259376,41.5834,-72.7622,242560,16816,Apr,2019
OK,Oklahoma,N,40322.0,40111.0,7751.0,47862.0,731009,42.1497,-74.9384,609442,121567,Apr,2019
UT,Utah,N,21506.0,37728.0,0.0,37728.0,308788,44.2853,-99.4632,266822,41966,Apr,2019
AR,Arkansas,Y,21996.0,9452.0,407.0,9859.0,855122,34.9513,-92.3809,765254,89868,Apr,2019
SD,South Dakota,N,2488.0,1396.0,0.0,1396.0,110889,18.2766,-66.335,95114,15775,Apr,2019
MD,Maryland,Y,92564.0,29860.0,2840.0,32700.0,1320216,42.2373,-71.5314,1165454,154762,Apr,2019
GA,Georgia,N,43982.0,25886.0,934.0,26820.0,1837180,27.8333,-81.717,1624790,212390,Apr,2019
ID,Idaho,N,7827.0,6179.0,465.0,6644.0,272589,42.0046,-93.214,246377,26212,Apr,2019
IA,Iowa,Y,15262.0,1363.0,0.0,1363.0,694247,21.1098,-157.5311,620698,73549,Apr,2019
WA,Washington,Y,143021.0,102344.0,1714.0,104058.0,1715989,40.1135,-111.8535,1650284,65705,Apr,2019
AZ,Arizona,Y,101454.0,0.0,0.0,0.0,1702739,14.2417,-170.7197,1599598,103141,Apr,2019
NC,North Carolina,N,20461.0,30979.0,3326.0,34305.0,1747084,32.7673,-89.6812,1482290,264794,Apr,2019
ND,North Dakota,Y,2456.0,2429.0,56.0,2485.0,90593,46.9048,-110.3261,88472,2121,Apr,2019
WV,West Virginia,Y,22021.0,12440.0,707.0,13147.0,516872,18.0001,-64.8199,483689,33183,Apr,2019
KS,Kansas,N,0.0,0.0,0.0,0.0,371638,39.8647,-86.2604,316462,55176,Apr,2019
NY,New York,Y,762419.0,116785.0,8261.0,125046.0,6536865,34.8375,-106.2371,5878039,658826,Apr,2019
NH,New Hampshire,Y,8551.0,5057.0,522.0,5579.0,180751,47.5362,-99.79299999999999,165822,14929,Apr,2019
MN,Minnesota,Y,26372.0,19544.0,61.0,19605.0,1050235,43.3504,-84.5603,1048979,1256,Apr,2019
NE,Nebraska,N,6081.0,5799.0,857.0,6656.0,247318,35.6411,-79.8431,213039,34279,Apr,2019
MN,Minnesota,Y,25423.0,18751.0,48.0,18799.0,1047145,43.3504,-84.5603,1045879,1266,May,2019
NV,Nevada,Y,20683.0,12236.0,70.0,12306.0,632772,40.314,-74.5089,590829,41943,May,2019
FL,Florida,N,258610.0,166154.0,20694.0,186848.0,3654076,39.3498,-75.5148,3417122,236954,May,2019
CA,California,Y,164529.0,163835.0,12629.0,176464.0,11798654,33.7712,-111.3877,10488884,1309770,May,2019
VT,Vermont,Y,4452.0,4930.0,126.0,5056.0,156055,31.105999999999998,-97.6475,151720,4335,May,2019
OR,Oregon,Y,12444.0,21176.0,2208.0,23384.0,986415,40.3736,-82.7755,857377,129038,May,2019
MD,Maryland,Y,94868.0,34253.0,3463.0,37716.0,1323085,42.2373,-71.5314,1169176,153909,May,2019
NE,Nebraska,N,5980.0,6126.0,887.0,7013.0,246014,35.6411,-79.8431,212215,33799,May,2019
KS,Kansas,N,0.0,0.0,0.0,0.0,371887,39.8647,-86.2604,316672,55215,May,2019
RI,Rhode Island,Y,1861.0,2863.0,367.0,3230.0,301912,44.5672,-122.1269,270273,31639,May,2019
OK,Oklahoma,N,38664.0,38784.0,7672.0,46456.0,730110,42.1497,-74.9384,608905,121205,May,2019
WA,Washington,Y,138375.0,98868.0,1698.0,100566.0,1711475,40.1135,-111.8535,1645081,66394,May,2019
VA,Virginia,Y,30783.0,23600.0,724.0,24324.0,1314268,35.7449,-86.7489,1170077,144191,May,2019
IN,Indiana,Y,82180.0,35265.0,3085.0,38350.0,1463977,40.3363,-89.0022,1351729,112248,May,2019
AZ,Arizona,Y,108127.0,0.0,0.0,0.0,1697945,14.2417,-170.7197,1596372,101573,May,2019
IL,Illinois,Y,66071.0,32115.0,10533.0,42648.0,2818182,44.2394,-114.5103,2558581,259601,May,2019
DC,District of Columbia,Y,4390.0,3850.0,0.0,3850.0,258974,41.5834,-72.7622,242125,16849,May,2019
ID,Idaho,N,7417.0,5369.0,374.0,5743.0,273856,42.0046,-93.214,247939,25917,May,2019
TN,Tennessee,N,15100.0,6805.0,1229.0,8034.0,1427076,41.6772,-71.5101,1376316,50760,May,2019
GA,Georgia,N,44289.0,25190.0,846.0,26036.0,1837888,27.8333,-81.717,1624504,213384,May,2019
AR,Arkansas,Y,20625.0,8729.0,361.0,9090.0,851661,34.9513,-92.3809,762210,89451,May,2019
MA,Massachusetts,Y,19902.0,14830.0,875.0,15705.0,1578285,31.1801,-91.8749,1393009,185276,May,2019
IA,Iowa,Y,15061.0,1187.0,0.0,1187.0,698026,21.1098,-157.5311,621288,76738,May,2019
NH,New Hampshire,Y,7940.0,4752.0,495.0,5247.0,179771,47.5362,-99.79299999999999,164925,14846,May,2019
ME,Maine,Y,7317.0,11771.0,673.0,12444.0,260488,39.0724,-76.7902,249431,11057,May,2019
NC,North Carolina,N,21538.0,30746.0,3144.0,33890.0,1745341,32.7673,-89.6812,1479350,265991,May,2019
NY,New York,Y,780828.0,122005.0,10039.0,132044.0,6527068,34.8375,-106.2371,5864272,662796,May,2019
ND,North Dakota,Y,2243.0,2475.0,66.0,2541.0,92207,46.9048,-110.3261,90121,2086,May,2019
MT,Montana,Y,3864.0,3975.0,340.0,4315.0,275834,14.8058,145.5505,246269,29565,May,2019
MS,Mississippi,N,19070.0,12448.0,561.0,13009.0,620955,38.4623,-92.302,544239,76716,May,2019
TX,Texas,N,141944.0,89889.0,13154.0,103043.0,4180837,33.8191,-80.9066,3605294,575543,May,2019
WV,West Virginia,Y,19989.0,10977.0,558.0,11535.0,516262,18.0001,-64.8199,483018,33244,May,2019
WI,Wisconsin,N,23781.0,17775.0,1092.0,18867.0,1040023,37.768,-78.2057,971083,68940,May,2019
LA,Louisiana,Y,30643.0,39910.0,7894.0,47804.0,1539835,37.669000000000004,-84.6514,1404452,135383,May,2019
AL,Alabama,N,12966.0,13388.0,1542.0,14930.0,915187,32.799,-86.8073,744747,170440,May,2019
NM,New Mexico,Y,12433.0,19970.0,1695.0,21665.0,730986,43.4108,-71.5653,694039,36947,May,2019
NJ,New Jersey,Y,37000.0,17816.0,6408.0,24224.0,1726025,41.1289,-98.2883,1505604,220421,May,2019
AK,Alaska,Y,3107.0,2675.0,113.0,2788.0,220384,61.385,-152.2683,204803,15581,May,2019
MO,Missouri,N,20149.0,9257.0,365.0,9622.0,852161,45.7326,-93.9196,819296,32865,May,2019
OH,Ohio,Y,71825.0,61003.0,3108.0,64111.0,2657900,38.4199,-117.1219,2456552,201348,May,2019
MI,Michigan,Y,56894.0,52945.0,1875.0,54820.0,2318205,44.6074,-69.3977,2256923,61282,May,2019
SC,South Carolina,N,23681.0,6361.0,149.0,6510.0,1055008,40.5773,-77.264,963824,91184,May,2019
SD,South Dakota,N,2657.0,1538.0,0.0,1538.0,111113,18.2766,-66.335,95460,15653,May,2019
HI,Hawaii,Y,4842.0,5631.0,379.0,6010.0,329422,32.9866,-83.6487,304001,25421,May,2019
WY,Wyoming,N,1490.0,808.0,45.0,853.0,56608,44.0407,-72.7093,52254,4354,May,2019
KY,Kentucky,Y,9714.0,34085.0,1689.0,35774.0,1210340,38.5111,-96.8005,1122257,88083,May,2019
CT,Connecticut,Y,17202.0,15116.0,369.0,15485.0,862405,39.0646,-105.3272,842612,19793,May,2019
DE,Delaware,Y,2733.0,4799.0,696.0,5495.0,247965,38.8964,-77.0262,236779,11186,May,2019
UT,Utah,N,18785.0,39487.0,0.0,39487.0,309977,44.2853,-99.4632,268297,41680,May,2019
PA,Pennsylvania,Y,93066.0,86781.0,10132.0,96913.0,2965823,35.5376,-96.9247,2782259,183564,May,2019
CO,Colorado,Y,23084.0,19573.0,358.0,19931.0,1286615,36.17,-119.7462,1202654,83961,May,2019
HI,Hawaii,Y,4511.0,5180.0,377.0,5557.0,329106,32.9866,-83.6487,303831,25275,Jun,2019
LA,Louisiana,Y,28345.0,29390.0,4827.0,34217.0,1520704,37.669000000000004,-84.6514,1403256,117448,Jun,2019
WI,Wisconsin,N,22657.0,16534.0,922.0,17456.0,1040697,37.768,-78.2057,971860,68837,Jun,2019
MS,Mississippi,N,18094.0,10905.0,619.0,11524.0,620078,38.4623,-92.302,543479,76599,Jun,2019
AL,Alabama,N,12752.0,13684.0,1679.0,15363.0,918497,32.799,-86.8073,745771,172726,Jun,2019
TX,Texas,N,130459.0,112585.0,17293.0,129878.0,4200139,33.8191,-80.9066,3620423,579716,Jun,2019
MI,Michigan,Y,54431.0,49624.0,1735.0,51359.0,2305833,44.6074,-69.3977,2244066,61767,Jun,2019
SD,South Dakota,N,2450.0,1381.0,0.0,1381.0,110442,18.2766,-66.335,94830,15612,Jun,2019
WV,West Virginia,Y,17916.0,10214.0,517.0,10731.0,514923,18.0001,-64.8199,481516,33407,Jun,2019
MO,Missouri,N,19707.0,8831.0,294.0,9125.0,840660,45.7326,-93.9196,807842,32818,Jun,2019
CO,Colorado,Y,21927.0,18509.0,338.0,18847.0,1281754,36.17,-119.7462,1200231,81523,Jun,2019
DE,Delaware,Y,2572.0,4626.0,746.0,5372.0,247349,38.8964,-77.0262,236146,11203,Jun,2019
MN,Minnesota,Y,22486.0,16449.0,49.0,16498.0,1045238,43.3504,-84.5603,1043957,1281,Jun,2019
UT,Utah,N,16211.0,49606.0,0.0,49606.0,309007,44.2853,-99.4632,267168,41839,Jun,2019
WY,Wyoming,N,1307.0,773.0,29.0,802.0,56047,44.0407,-72.7093,51757,4290,Jun,2019
DC,District of Columbia,Y,3784.0,1754.0,0.0,1754.0,257622,41.5834,-72.7622,240795,16827,Jun,2019
NY,New York,Y,883747.0,118012.0,7963.0,125975.0,6515656,34.8375,-106.2371,5845908,669748,Jun,2019
PA,Pennsylvania,Y,88353.0,79715.0,9258.0,88973.0,2955307,35.5376,-96.9247,2771876,183431,Jun,2019
VT,Vermont,Y,4029.0,4944.0,118.0,5062.0,155139,31.105999999999998,-97.6475,150800,4339,Jun,2019
MD,Maryland,Y,95692.0,37905.0,3571.0,41476.0,1322426,42.2373,-71.5314,1170407,152019,Jun,2019
SC,South Carolina,N,21441.0,6513.0,120.0,6633.0,1055203,40.5773,-77.264,964340,90863,Jun,2019
KS,Kansas,N,0.0,0.0,0.0,0.0,370030,39.8647,-86.2604,315096,54934,Jun,2019
CA,California,Y,153566.0,149649.0,10684.0,160333.0,11744007,33.7712,-111.3877,10441601,1302406,Jun,2019
IN,Indiana,Y,78026.0,30850.0,2340.0,33190.0,1459123,40.3363,-89.0022,1347281,111842,Jun,2019
OR,Oregon,Y,11376.0,18968.0,1929.0,20897.0,984652,40.3736,-82.7755,856078,128574,Jun,2019
WA,Washington,Y,129063.0,91465.0,1484.0,92949.0,1710518,40.1135,-111.8535,1643705,66813,Jun,2019
VA,Virginia,Y,27232.0,19657.0,634.0,20291.0,1324237,35.7449,-86.7489,1180059,144178,Jun,2019
IL,Illinois,Y,62159.0,28852.0,9073.0,37925.0,2826169,44.2394,-114.5103,2564021,262148,Jun,2019
FL,Florida,N,267353.0,163446.0,18646.0,182092.0,3650441,39.3498,-75.5148,3412209,238232,Jun,2019
AK,Alaska,Y,3108.0,2400.0,99.0,2499.0,221746,61.385,-152.2683,206033,15713,Jun,2019
GA,Georgia,N,41789.0,22981.0,729.0,23710.0,1841182,27.8333,-81.717,1631816,209366,Jun,2019
CT,Connecticut,Y,15771.0,14060.0,332.0,14392.0,858543,39.0646,-105.3272,838673,19870,Jun,2019
NV,Nevada,Y,19181.0,11815.0,61.0,11876.0,631512,40.314,-74.5089,589769,41743,Jun,2019
IA,Iowa,Y,13620.0,963.0,0.0,963.0,697416,21.1098,-157.5311,620959,76457,Jun,2019
KY,Kentucky,Y,8923.0,32639.0,1695.0,34334.0,1209759,38.5111,-96.8005,1120953,88806,Jun,2019
NH,New Hampshire,Y,7128.0,4097.0,481.0,4578.0,178783,47.5362,-99.79299999999999,163964,14819,Jun,2019
MA,Massachusetts,Y,19314.0,14561.0,894.0,15455.0,1580598,31.1801,-91.8749,1395401,185197,Jun,2019
AZ,Arizona,Y,99470.0,0.0,0.0,0.0,1705679,14.2417,-170.7197,1604805,100874,Jun,2019
AR,Arkansas,Y,19135.0,8381.0,327.0,8708.0,850582,34.9513,-92.3809,761140,89442,Jun,2019
NM,New Mexico,Y,11725.0,16373.0,1576.0,17949.0,729156,43.4108,-71.5653,692477,36679,Jun,2019
TN,Tennessee,N,14023.0,5933.0,581.0,6514.0,1445588,41.6772,-71.5101,1394142,51446,Jun,2019
OK,Oklahoma,N,37987.0,36793.0,6829.0,43622.0,729196,42.1497,-74.9384,610779,118417,Jun,2019
ID,Idaho,N,7063.0,5272.0,332.0,5604.0,274946,42.0046,-93.214,249346,25600,Jun,2019
NJ,New Jersey,Y,34382.0,14468.0,6027.0,20495.0,1727705,41.1289,-98.2883,1504733,222972,Jun,2019
RI,Rhode Island,Y,1696.0,2598.0,347.0,2945.0,300759,44.5672,-122.1269,269191,31568,Jun,2019
OH,Ohio,Y,67504.0,57223.0,2911.0,60134.0,2647784,38.4199,-117.1219,2448538,199246,Jun,2019
NE,Nebraska,N,5534.0,5360.0,707.0,6067.0,245673,35.6411,-79.8431,212060,33613,Jun,2019
NC,North Carolina,N,21374.0,28575.0,2744.0,31319.0,1742944,32.7673,-89.6812,1475633,267311,Jun,2019
ND,North Dakota,Y,1824.0,2046.0,52.0,2098.0,90107,46.9048,-110.3261,88010,2097,Jun,2019
MT,Montana,Y,3793.0,3845.0,339.0,4184.0,273144,14.8058,145.5505,243863,29281,Jun,2019
ME,Maine,Y,6582.0,11653.0,612.0,12265.0,259942,39.0724,-76.7902,248724,11218,Jun,2019
PA,Pennsylvania,Y,99081.0,90484.0,10455.0,100939.0,2962254,35.5376,-96.9247,2777921,184333,Jul,2019
SC,South Carolina,N,24019.0,7614.0,152.0,7766.0,1037023,40.5773,-77.264,946774,90249,Jul,2019
WA,Washington,Y,135945.0,100138.0,1656.0,101794.0,1710797,40.1135,-111.8535,1643362,67435,Jul,2019
IN,Indiana,Y,86455.0,35170.0,2761.0,37931.0,1461778,40.3363,-89.0022,1350305,111473,Jul,2019
AK,Alaska,Y,3147.0,2693.0,157.0,2850.0,223117,61.385,-152.2683,207174,15943,Jul,2019
CT,Connecticut,Y,17828.0,15779.0,427.0,16206.0,857415,39.0646,-105.3272,837367,20048,Jul,2019
NV,Nevada,Y,21510.0,13526.0,71.0,13597.0,632838,40.314,-74.5089,593317,39521,Jul,2019
GA,Georgia,N,47828.0,24102.0,731.0,24833.0,1848553,27.8333,-81.717,1638216,210337,Jul,2019
KS,Kansas,N,0.0,0.0,0.0,0.0,370250,39.8647,-86.2604,315102,55148,Jul,2019
NY,New York,Y,748567.0,111365.0,5802.0,117167.0,6518512,34.8375,-106.2371,5847356,671156,Jul,2019
CA,California,Y,176698.0,167271.0,11738.0,179009.0,11743500,33.7712,-111.3877,10439839,1303661,Jul,2019
OR,Oregon,Y,12728.0,20432.0,1831.0,22263.0,986744,40.3736,-82.7755,858225,128519,Jul,2019
FL,Florida,N,294310.0,178349.0,21513.0,199862.0,3657394,39.3498,-75.5148,3420248,237146,Jul,2019
ME,Maine,Y,7035.0,12969.0,612.0,13581.0,261362,39.0724,-76.7902,249754,11608,Jul,2019
AZ,Arizona,Y,112109.0,0.0,0.0,0.0,1715655,14.2417,-170.7197,1614557,101098,Jul,2019
IL,Illinois,Y,71132.0,30935.0,10275.0,41210.0,2843003,44.2394,-114.5103,2577699,265304,Jul,2019
AR,Arkansas,Y,21294.0,9909.0,330.0,10239.0,855027,34.9513,-92.3809,765363,89664,Jul,2019
NM,New Mexico,Y,13423.0,19306.0,1708.0,21014.0,730037,43.4108,-71.5653,693272,36765,Jul,2019
KY,Kentucky,Y,8923.0,32639.0,1695.0,34334.0,1208968,38.5111,-96.8005,1119710,89258,Jul,2019
NH,New Hampshire,Y,8014.0,5009.0,466.0,5475.0,178761,47.5362,-99.79299999999999,163979,14782,Jul,2019
NE,Nebraska,N,6505.0,6818.0,921.0,7739.0,246175,35.6411,-79.8431,212320,33855,Jul,2019
HI,Hawaii,Y,5199.0,5537.0,402.0,5939.0,328393,32.9866,-83.6487,303135,25258,Jul,2019
MI,Michigan,Y,60367.0,56156.0,1858.0,58014.0,2305227,44.6074,-69.3977,2242127,63100,Jul,2019
NC,North Carolina,N,24319.0,31858.0,3014.0,34872.0,1738840,32.7673,-89.6812,1471327,267513,Jul,2019
VA,Virginia,Y,30346.0,21473.0,674.0,22147.0,1336892,35.7449,-86.7489,1191721,145171,Jul,2019
ND,North Dakota,Y,2090.0,2312.0,70.0,2382.0,89895,46.9048,-110.3261,87799,2096,Jul,2019
OH,Ohio,Y,74745.0,58921.0,3124.0,62045.0,2639320,38.4199,-117.1219,2441792,197528,Jul,2019
MA,Massachusetts,Y,20656.0,16281.0,1022.0,17303.0,1572581,31.1801,-91.8749,1388451,184130,Jul,2019
NJ,New Jersey,Y,37719.0,17909.0,6080.0,23989.0,1721103,41.1289,-98.2883,1497803,223300,Jul,2019
OK,Oklahoma,N,44716.0,42791.0,7418.0,50209.0,735152,42.1497,-74.9384,612128,123024,Jul,2019
ID,Idaho,N,12649.0,9452.0,1198.0,10650.0,265493,42.0046,-93.214,239694,25799,Jul,2019
LA,Louisiana,Y,32263.0,17601.0,2232.0,19833.0,1516298,37.669000000000004,-84.6514,1398972,117326,Jul,2019
MD,Maryland,Y,99906.0,38675.0,3957.0,42632.0,1326315,42.2373,-71.5314,1175791,150524,Jul,2019
WV,West Virginia,Y,19921.0,12347.0,632.0,12979.0,516288,18.0001,-64.8199,482755,33533,Jul,2019
RI,Rhode Island,Y,1913.0,3012.0,435.0,3447.0,301142,44.5672,-122.1269,268803,32339,Jul,2019
SD,South Dakota,N,2847.0,1606.0,0.0,1606.0,110329,18.2766,-66.335,94776,15553,Jul,2019
MT,Montana,Y,4412.0,4233.0,385.0,4618.0,270280,14.8058,145.5505,241331,28949,Jul,2019
TX,Texas,N,148898.0,103754.0,15297.0,119051.0,4202466,33.8191,-80.9066,3631639,570827,Jul,2019
UT,Utah,N,17057.0,39534.0,0.0,39534.0,309995,44.2853,-99.4632,268618,41377,Jul,2019
AL,Alabama,N,13994.0,15219.0,1966.0,17185.0,922278,32.799,-86.8073,748913,173365,Jul,2019
IA,Iowa,Y,15428.0,1170.0,0.0,1170.0,697504,21.1098,-157.5311,622153,75351,Jul,2019
TN,Tennessee,N,16014.0,10066.0,759.0,10825.0,1455231,41.6772,-71.5101,1402126,53105,Jul,2019
MS,Mississippi,N,21199.0,11703.0,597.0,12300.0,620982,38.4623,-92.302,544368,76614,Jul,2019
MO,Missouri,N,21181.0,9567.0,290.0,9857.0,832109,45.7326,-93.9196,798786,33323,Jul,2019
VT,Vermont,Y,4501.0,5039.0,129.0,5168.0,154546,31.105999999999998,-97.6475,150160,4386,Jul,2019
MN,Minnesota,Y,24320.0,18460.0,67.0,18527.0,1046325,43.3504,-84.5603,1045036,1289,Jul,2019
DE,Delaware,Y,2928.0,5220.0,719.0,5939.0,248021,38.8964,-77.0262,236781,11240,Jul,2019
DC,District of Columbia,Y,4828.0,1564.0,0.0,1564.0,256417,41.5834,-72.7622,239745,16672,Jul,2019
CO,Colorado,Y,25104.0,20960.0,370.0,21330.0,1284430,36.17,-119.7462,1202379,82051,Jul,2019
WI,Wisconsin,N,24866.0,18614.0,1014.0,19628.0,1040306,37.768,-78.2057,971561,68745,Jul,2019
WY,Wyoming,N,1436.0,744.0,43.0,787.0,55904,44.0407,-72.7093,51597,4307,Jul,2019
NC,North Carolina,N,24002.0,35304.0,3334.0,38638.0,1737811,32.7673,-89.6812,1469665,268146,Aug,2019
WV,West Virginia,Y,20088.0,12774.0,759.0,13533.0,516360,18.0001,-64.8199,482404,33956,Aug,2019
SC,South Carolina,N,25900.0,8348.0,245.0,8593.0,1058179,40.5773,-77.264,965712,92467,Aug,2019
TX,Texas,N,148450.0,104120.0,15608.0,119728.0,4216809,33.8191,-80.9066,3641993,574816,Aug,2019
ND,North Dakota,Y,2254.0,2495.0,83.0,2578.0,89842,46.9048,-110.3261,87711,2131,Aug,2019
SD,South Dakota,N,2874.0,1670.0,0.0,1670.0,110043,18.2766,-66.335,94510,15533,Aug,2019
NM,New Mexico,Y,13246.0,20929.0,2060.0,22989.0,732432,43.4108,-71.5653,695210,37222,Aug,2019
MT,Montana,Y,4626.0,4632.0,495.0,5127.0,268150,14.8058,145.5505,239523,28627,Aug,2019
TN,Tennessee,N,18461.0,17298.0,1378.0,18676.0,1453589,41.6772,-71.5101,1400201,53388,Aug,2019
RI,Rhode Island,Y,1875.0,2915.0,413.0,3328.0,301223,44.5672,-122.1269,268738,32485,Aug,2019
OR,Oregon,Y,12651.0,21686.0,2364.0,24050.0,986569,40.3736,-82.7755,858240,128329,Aug,2019
DE,Delaware,Y,3024.0,5115.0,802.0,5917.0,248054,38.8964,-77.0262,236672,11382,Aug,2019
UT,Utah,N,16002.0,54519.0,0.0,54519.0,310235,44.2853,-99.4632,268242,41993,Aug,2019
MN,Minnesota,Y,24531.0,18598.0,69.0,18667.0,1047075,43.3504,-84.5603,1045767,1308,Aug,2019
FL,Florida,N,284481.0,185644.0,21109.0,206753.0,3652059,39.3498,-75.5148,3412500,239559,Aug,2019
VT,Vermont,Y,4141.0,5418.0,151.0,5569.0,154020,31.105999999999998,-97.6475,149608,4412,Aug,2019
CO,Colorado,Y,22297.0,18999.0,326.0,19325.0,1285659,36.17,-119.7462,1204069,81590,Aug,2019
LA,Louisiana,Y,34144.0,20836.0,2448.0,23284.0,1527029,37.669000000000004,-84.6514,1408968,118061,Aug,2019
MS,Mississippi,N,22127.0,13773.0,765.0,14538.0,620620,38.4623,-92.302,543630,76990,Aug,2019
WI,Wisconsin,N,25595.0,18194.0,1040.0,19234.0,1043194,37.768,-78.2057,974545,68649,Aug,2019
MO,Missouri,N,24087.0,12292.0,501.0,12793.0,831826,45.7326,-93.9196,796984,34842,Aug,2019
VA,Virginia,Y,32777.0,22680.0,772.0,23452.0,1346606,35.7449,-86.7489,1200523,146083,Aug,2019
KS,Kansas,N,0.0,0.0,0.0,0.0,372977,39.8647,-86.2604,317370,55607,Aug,2019
AK,Alaska,Y,3183.0,2820.0,134.0,2954.0,221946,61.385,-152.2683,206020,15926,Aug,2019
NY,New York,Y,774701.0,117313.0,9654.0,126967.0,6512157,34.8375,-106.2371,5837262,674895,Aug,2019
HI,Hawaii,Y,5271.0,6186.0,484.0,6670.0,328923,32.9866,-83.6487,303347,25576,Aug,2019
DC,District of Columbia,Y,6583.0,4137.0,0.0,4137.0,255569,41.5834,-72.7622,239010,16559,Aug,2019
OH,Ohio,Y,72406.0,59085.0,3343.0,62428.0,2635478,38.4199,-117.1219,2438872,196606,Aug,2019
IL,Illinois,Y,71866.0,22304.0,8060.0,30364.0,2840200,44.2394,-114.5103,2572255,267945,Aug,2019
NV,Nevada,Y,20879.0,13112.0,70.0,13182.0,631562,40.314,-74.5089,591682,39880,Aug,2019
ME,Maine,Y,6807.0,12005.0,674.0,12679.0,259467,39.0724,-76.7902,247665,11802,Aug,2019
GA,Georgia,N,48255.0,27882.0,840.0,28722.0,1851137,27.8333,-81.717,1640383,210754,Aug,2019
AR,Arkansas,Y,21808.0,15822.0,1008.0,16830.0,856006,34.9513,-92.3809,765950,90056,Aug,2019
CT,Connecticut,Y,17722.0,16383.0,447.0,16830.0,855505,39.0646,-105.3272,835429,20076,Aug,2019
CA,California,Y,173329.0,168543.0,13305.0,181848.0,11752681,33.7712,-111.3877,10444841,1307840,Aug,2019
IA,Iowa,Y,15833.0,1012.0,0.0,1012.0,699072,21.1098,-157.5311,623084,75988,Aug,2019
IN,Indiana,Y,101819.0,39350.0,3292.0,42642.0,1467723,40.3363,-89.0022,1355872,111851,Aug,2019
PA,Pennsylvania,Y,97905.0,92456.0,10917.0,103373.0,2955060,35.5376,-96.9247,2770248,184812,Aug,2019
WA,Washington,Y,138779.0,100094.0,1850.0,101944.0,1710275,40.1135,-111.8535,1641866,68409,Aug,2019
OK,Oklahoma,N,51443.0,47415.0,7051.0,54466.0,730878,42.1497,-74.9384,608468,122410,Aug,2019
NH,New Hampshire,Y,8283.0,5276.0,587.0,5863.0,178753,47.5362,-99.79299999999999,163884,14869,Aug,2019
NJ,New Jersey,Y,38135.0,18684.0,6009.0,24693.0,1711670,41.1289,-98.2883,1487174,224496,Aug,2019
AL,Alabama,N,14285.0,15599.0,2133.0,17732.0,925263,32.799,-86.8073,751874,173389,Aug,2019
NE,Nebraska,N,6459.0,6434.0,1048.0,7482.0,246846,35.6411,-79.8431,212815,34031,Aug,2019
MD,Maryland,Y,99107.0,38840.0,4117.0,42957.0,1328343,42.2373,-71.5314,1179451,148892,Aug,2019
ID,Idaho,N,12515.0,10182.0,1179.0,11361.0,259850,42.0046,-93.214,233930,25920,Aug,2019
MI,Michigan,Y,61212.0,57505.0,2025.0,59530.0,2297921,44.6074,-69.3977,2233415,64506,Aug,2019
KY,Kentucky,Y,10610.0,39614.0,2035.0,41649.0,1209350,38.5111,-96.8005,1119459,89891,Aug,2019
WY,Wyoming,N,1703.0,1118.0,41.0,1159.0,55368,44.0407,-72.7093,51063,4305,Aug,2019
MA,Massachusetts,Y,21192.0,16471.0,1188.0,17659.0,1566850,31.1801,-91.8749,1383531,183319,Aug,2019
AZ,Arizona,Y,116957.0,0.0,0.0,0.0,1722540,14.2417,-170.7197,1621721,100819,Aug,2019
VT,Vermont,Y,4307.0,5775.0,150.0,5925.0,152941,31.105999999999998,-97.6475,148550,4391,Sep,2019
OH,Ohio,Y,68468.0,55529.0,3108.0,58637.0,2633689,38.4199,-117.1219,2436724,196965,Sep,2019
AK,Alaska,Y,2955.0,2197.0,131.0,2328.0,221587,61.385,-152.2683,205472,16115,Sep,2019
IL,Illinois,Y,64450.0,27634.0,9347.0,36981.0,2842807,44.2394,-114.5103,2570932,271875,Sep,2019
IA,Iowa,Y,14284.0,1061.0,0.0,1061.0,699582,21.1098,-157.5311,622837,76745,Sep,2019
NY,New York,Y,917908.0,117054.0,8240.0,125294.0,6518169,34.8375,-106.2371,5833810,684359,Sep,2019
DC,District of Columbia,Y,6290.0,4448.0,0.0,4448.0,252645,41.5834,-72.7622,236441,16204,Sep,2019
HI,Hawaii,Y,4886.0,5630.0,386.0,6016.0,327674,32.9866,-83.6487,302368,25306,Sep,2019
MN,Minnesota,Y,23628.0,18361.0,54.0,18415.0,1044529,43.3504,-84.5603,1043233,1296,Sep,2019
CA,California,Y,155867.0,156911.0,12202.0,169113.0,11728031,33.7712,-111.3877,10419822,1308209,Sep,2019
NV,Nevada,Y,18745.0,11804.0,57.0,11861.0,631033,40.314,-74.5089,591450,39583,Sep,2019
AR,Arkansas,Y,19790.0,12078.0,787.0,12865.0,859311,34.9513,-92.3809,768672,90639,Sep,2019
GA,Georgia,N,42424.0,24959.0,749.0,25708.0,1851830,27.8333,-81.717,1640471,211359,Sep,2019
CT,Connecticut,Y,16744.0,15007.0,398.0,15405.0,855043,39.0646,-105.3272,835049,19994,Sep,2019
AL,Alabama,N,13058.0,13775.0,1861.0,15636.0,926273,32.799,-86.8073,753526,172747,Sep,2019
WI,Wisconsin,N,24038.0,17527.0,1151.0,18678.0,1046849,37.768,-78.2057,978071,68778,Sep,2019
OK,Oklahoma,N,51419.0,87682.0,10666.0,98348.0,727681,42.1497,-74.9384,609104,118577,Sep,2019
NJ,New Jersey,Y,37933.0,14649.0,5935.0,20584.0,1711647,41.1289,-98.2883,1485954,225693,Sep,2019
NH,New Hampshire,Y,8134.0,5177.0,513.0,5690.0,178759,47.5362,-99.79299999999999,163838,14921,Sep,2019
IN,Indiana,Y,93874.0,35011.0,3209.0,38220.0,1472433,40.3363,-89.0022,1359758,112675,Sep,2019
ME,Maine,Y,6453.0,11074.0,781.0,11855.0,259690,39.0724,-76.7902,247711,11979,Sep,2019
AZ,Arizona,Y,109308.0,0.0,0.0,0.0,1725477,14.2417,-170.7197,1624952,100525,Sep,2019
MI,Michigan,Y,56803.0,50990.0,1832.0,52822.0,2305079,44.6074,-69.3977,2239555,65524,Sep,2019
WY,Wyoming,N,1405.0,876.0,23.0,899.0,55874,44.0407,-72.7093,51570,4304,Sep,2019
TX,Texas,N,136899.0,88863.0,13015.0,101878.0,4220878,33.8191,-80.9066,3647614,573264,Sep,2019
MD,Maryland,Y,97101.0,36430.0,3516.0,39946.0,1327889,42.2373,-71.5314,1180283,147606,Sep,2019
KY,Kentucky,Y,9353.0,26823.0,1257.0,28080.0,1201866,38.5111,-96.8005,1111289,90577,Sep,2019
KS,Kansas,N,0.0,0.0,0.0,0.0,373564,39.8647,-86.2604,317470,56094,Sep,2019
NE,Nebraska,N,5745.0,5564.0,916.0,6480.0,247368,35.6411,-79.8431,213074,34294,Sep,2019
VA,Virginia,Y,31785.0,25828.0,994.0,26822.0,1356188,35.7449,-86.7489,1208888,147300,Sep,2019
MA,Massachusetts,Y,18807.0,13787.0,1033.0,14820.0,1583685,31.1801,-91.8749,1396668,187017,Sep,2019
UT,Utah,N,13925.0,38219.0,0.0,38219.0,309138,44.2853,-99.4632,267540,41598,Sep,2019
SC,South Carolina,N,29133.0,6928.0,154.0,7082.0,1057940,40.5773,-77.264,964805,93135,Sep,2019
ND,North Dakota,Y,2101.0,2322.0,78.0,2400.0,89537,46.9048,-110.3261,87404,2133,Sep,2019
MO,Missouri,N,21447.0,10274.0,417.0,10691.0,833781,45.7326,-93.9196,798356,35425,Sep,2019
NC,North Carolina,N,21395.0,36405.0,4074.0,40479.0,1783490,32.7673,-89.6812,1505280,278210,Sep,2019
ID,Idaho,N,10671.0,8491.0,739.0,9230.0,262616,42.0046,-93.214,236614,26002,Sep,2019
CO,Colorado,Y,19026.0,16287.0,266.0,16553.0,1285164,36.17,-119.7462,1204726,80438,Sep,2019
TN,Tennessee,N,18018.0,11843.0,749.0,12592.0,1452899,41.6772,-71.5101,1399048,53851,Sep,2019
MT,Montana,Y,4255.0,4486.0,411.0,4897.0,266931,14.8058,145.5505,238518,28413,Sep,2019
OR,Oregon,Y,12471.0,20461.0,2264.0,22725.0,989593,40.3736,-82.7755,860536,129057,Sep,2019
FL,Florida,N,256111.0,152304.0,18044.0,170348.0,3648067,39.3498,-75.5148,3408446,239621,Sep,2019
RI,Rhode Island,Y,1526.0,2213.0,256.0,2469.0,298266,44.5672,-122.1269,265705,32561,Sep,2019
DE,Delaware,Y,2701.0,4865.0,807.0,5672.0,247187,38.8964,-77.0262,235783,11404,Sep,2019
PA,Pennsylvania,Y,91808.0,83478.0,9177.0,92655.0,2939985,35.5376,-96.9247,2756913,183072,Sep,2019
LA,Louisiana,Y,29566.0,22321.0,1924.0,24245.0,1531896,37.669000000000004,-84.6514,1413952,117944,Sep,2019
SD,South Dakota,N,2675.0,1570.0,0.0,1570.0,109764,18.2766,-66.335,94162,15602,Sep,2019
MS,Mississippi,N,18920.0,12010.0,637.0,12647.0,620324,38.4623,-92.302,543220,77104,Sep,2019
WV,West Virginia,Y,18431.0,11426.0,629.0,12055.0,514608,18.0001,-64.8199,480518,34090,Sep,2019
WA,Washington,Y,137208.0,98060.0,1832.0,99892.0,1708007,40.1135,-111.8535,1638959,69048,Sep,2019
NM,New Mexico,Y,11772.0,17416.0,1433.0,18849.0,734260,43.4108,-71.5653,696696,37564,Sep,2019
AK,Alaska,Y,3274.0,2314.0,137.0,2451.0,221675,61.385,-152.2683,205320,16355,Oct,2019
AL,Alabama,N,13367.0,13653.0,1607.0,15260.0,928078,32.799,-86.8073,755371,172707,Oct,2019
AR,Arkansas,Y,21241.0,26461.0,2352.0,28813.0,862476,34.9513,-92.3809,771346,91130,Oct,2019
AZ,Arizona,Y,117684.0,0.0,0.0,0.0,1719616,14.2417,-170.7197,1620566,99050,Oct,2019
CA,California,Y,178291.0,162019.0,12796.0,174815.0,11697526,33.7712,-111.3877,10382097,1315429,Oct,2019
CO,Colorado,Y,23872.0,19727.0,361.0,20088.0,1278105,36.17,-119.7462,1198254,79851,Oct,2019
CT,Connecticut,Y,18506.0,16728.0,392.0,17120.0,851428,39.0646,-105.3272,831289,20139,Oct,2019
DC,District of Columbia,Y,6267.0,4263.0,0.0,4263.0,251337,41.5834,-72.7622,235314,16023,Oct,2019
DE,Delaware,Y,2955.0,4849.0,757.0,5606.0,230763,38.8964,-77.0262,219303,11460,Oct,2019
FL,Florida,N,271644.0,173442.0,20997.0,194439.0,3640328,39.3498,-75.5148,3400609,239719,Oct,2019
GA,Georgia,N,46389.0,24028.0,708.0,24736.0,1847785,27.8333,-81.717,1635870,211915,Oct,2019
HI,Hawaii,Y,4218.0,5863.0,388.0,6251.0,327236,32.9866,-83.6487,301869,25367,Oct,2019
IA,Iowa,Y,16100.0,1263.0,0.0,1263.0,700061,21.1098,-157.5311,622828,77233,Oct,2019
ID,Idaho,N,12752.0,11819.0,971.0,12790.0,264965,42.0046,-93.214,238986,25979,Oct,2019
IL,Illinois,Y,69429.0,29061.0,9424.0,38485.0,2839280,44.2394,-114.5103,2564097,275183,Oct,2019
IN,Indiana,Y,97957.0,40094.0,3839.0,43933.0,1476176,40.3363,-89.0022,1363254,112922,Oct,2019
KS,Kansas,N,0.0,0.0,0.0,0.0,375504,39.8647,-86.2604,318223,57281,Oct,2019
KY,Kentucky,Y,9628.0,30623.0,1695.0,32318.0,1192782,38.5111,-96.8005,1100317,92465,Oct,2019
LA,Louisiana,Y,32808.0,22318.0,2084.0,24402.0,1522276,37.669000000000004,-84.6514,1402590,119686,Oct,2019
MA,Massachusetts,Y,20456.0,13741.0,972.0,14713.0,1579215,31.1801,-91.8749,1389135,190080,Oct,2019
MD,Maryland,Y,109216.0,39494.0,4081.0,43575.0,1329774,42.2373,-71.5314,1183205,146569,Oct,2019
ME,Maine,Y,7036.0,12001.0,725.0,12726.0,258914,39.0724,-76.7902,246808,12106,Oct,2019
MI,Michigan,Y,61184.0,55362.0,2094.0,57456.0,2307060,44.6074,-69.3977,2240854,66206,Oct,2019
MN,Minnesota,Y,26122.0,18361.0,63.0,18424.0,1044497,43.3504,-84.5603,1043130,1367,Oct,2019
MO,Missouri,N,22345.0,11245.0,482.0,11727.0,835644,45.7326,-93.9196,799681,35963,Oct,2019
MS,Mississippi,N,19421.0,13004.0,617.0,13621.0,618791,38.4623,-92.302,541783,77008,Oct,2019
MT,Montana,Y,4621.0,5091.0,490.0,5581.0,265908,14.8058,145.5505,237580,28328,Oct,2019
NC,North Carolina,N,24206.0,36086.0,4051.0,40137.0,1776989,32.7673,-89.6812,1498478,278511,Oct,2019
ND,North Dakota,Y,2524.0,2455.0,66.0,2521.0,91269,46.9048,-110.3261,89138,2131,Oct,2019
NE,Nebraska,N,6114.0,6510.0,1007.0,7517.0,246842,35.6411,-79.8431,212542,34300,Oct,2019
NH,New Hampshire,Y,8509.0,5267.0,602.0,5869.0,178976,47.5362,-99.79299999999999,163908,15068,Oct,2019
NJ,New Jersey,Y,42762.0,16749.0,7158.0,23907.0,1703930,41.1289,-98.2883,1476849,227081,Oct,2019
NM,New Mexico,Y,12542.0,17408.0,1611.0,19019.0,735159,43.4108,-71.5653,697258,37901,Oct,2019
NV,Nevada,Y,20909.0,12845.0,66.0,12911.0,630701,40.314,-74.5089,590902,39799,Oct,2019
NY,New York,Y,854600.0,114292.0,7166.0,121458.0,6520456,34.8375,-106.2371,5833444,687012,Oct,2019
OH,Ohio,Y,75449.0,61016.0,3590.0,64606.0,2643811,38.4199,-117.1219,2445033,198778,Oct,2019
OK,Oklahoma,N,47985.0,45621.0,8090.0,53711.0,729961,42.1497,-74.9384,608239,121722,Oct,2019
OR,Oregon,Y,13213.0,21502.0,2486.0,23988.0,991798,40.3736,-82.7755,862457,129341,Oct,2019
PA,Pennsylvania,Y,101762.0,94282.0,11956.0,106238.0,2937359,35.5376,-96.9247,2752447,184912,Oct,2019
RI,Rhode Island,Y,1324.0,1742.0,149.0,1891.0,298297,44.5672,-122.1269,265561,32736,Oct,2019
SC,South Carolina,N,26308.0,8312.0,184.0,8496.0,1036997,40.5773,-77.264,944278,92719,Oct,2019
SD,South Dakota,N,2856.0,1634.0,0.0,1634.0,109732,18.2766,-66.335,93971,15761,Oct,2019
TN,Tennessee,N,18609.0,12611.0,1077.0,13688.0,1448128,41.6772,-71.5101,1395268,52860,Oct,2019
TX,Texas,N,139013.0,95586.0,14196.0,109782.0,4212619,33.8191,-80.9066,3632340,580279,Oct,2019
UT,Utah,N,15008.0,40009.0,0.0,40009.0,308966,44.2853,-99.4632,267459,41507,Oct,2019
VA,Virginia,Y,36888.0,28810.0,939.0,29749.0,1368331,35.7449,-86.7489,1219888,148443,Oct,2019
VT,Vermont,Y,4802.0,5350.0,142.0,5492.0,151750,31.105999999999998,-97.6475,147252,4498,Oct,2019
WA,Washington,Y,145487.0,107096.0,1938.0,109034.0,1708510,40.1135,-111.8535,1638346,70164,Oct,2019
WI,Wisconsin,N,25831.0,18982.0,1194.0,20176.0,1045935,37.768,-78.2057,976917,69018,Oct,2019
WV,West Virginia,Y,19826.0,12438.0,677.0,13115.0,513499,18.0001,-64.8199,479429,34070,Oct,2019
WY,Wyoming,N,1547.0,838.0,49.0,887.0,55881,44.0407,-72.7093,51584,4297,Oct,2019
PA,Pennsylvania,Y,76370.0,70980.0,10422.0,81402.0,2911398,35.5376,-96.9247,2725845,185553,Nov,2019
TX,Texas,N,77142.0,73680.0,10471.0,84151.0,4170853,33.8191,-80.9066,3560099,610754,Nov,2019
ND,North Dakota,Y,2669.0,2488.0,35.0,2523.0,89466,46.9048,-110.3261,87371,2095,Nov,2019
AZ,Arizona,Y,98064.0,0.0,0.0,0.0,1716801,14.2417,-170.7197,1618769,98032,Nov,2019
KY,Kentucky,Y,8862.0,29709.0,1937.0,31646.0,1187486,38.5111,-96.8005,1097048,90438,Nov,2019
MA,Massachusetts,Y,17670.0,11620.0,878.0,12498.0,1556909,31.1801,-91.8749,1368519,188390,Nov,2019
LA,Louisiana,Y,27157.0,17556.0,1689.0,19245.0,1503023,37.669000000000004,-84.6514,1384526,118497,Nov,2019
OK,Oklahoma,N,42072.0,42607.0,9388.0,51995.0,716103,42.1497,-74.9384,596575,119528,Nov,2019
SC,South Carolina,N,22171.0,8068.0,177.0,8245.0,1029967,40.5773,-77.264,937299,92668,Nov,2019
CA,California,Y,188768.0,141422.0,11249.0,152671.0,11548401,33.7712,-111.3877,10243773,1304628,Nov,2019
IL,Illinois,Y,72700.0,29061.0,9424.0,38485.0,2807453,44.2394,-114.5103,2529008,278445,Nov,2019
AL,Alabama,N,11536.0,11792.0,1610.0,13402.0,922597,32.799,-86.8073,752348,170249,Nov,2019
OH,Ohio,Y,64540.0,49339.0,2983.0,52322.0,2617316,38.4199,-117.1219,2419689,197627,Nov,2019
OR,Oregon,Y,11522.0,19490.0,2170.0,21660.0,984653,40.3736,-82.7755,856999,127654,Nov,2019
NM,New Mexico,Y,11568.0,14982.0,1540.0,16522.0,735867,43.4108,-71.5653,697508,38359,Nov,2019
MT,Montana,Y,4434.0,4507.0,602.0,5109.0,261547,14.8058,145.5505,233673,27874,Nov,2019
IA,Iowa,Y,13089.0,960.0,0.0,960.0,690673,21.1098,-157.5311,613697,76976,Nov,2019
UT,Utah,N,16290.0,50333.0,0.0,50333.0,304947,44.2853,-99.4632,263504,41443,Nov,2019
SD,South Dakota,N,3239.0,1442.0,0.0,1442.0,109187,18.2766,-66.335,93570,15617,Nov,2019
WA,Washington,Y,179422.0,103686.0,2282.0,105968.0,1709289,40.1135,-111.8535,1638184,71105,Nov,2019
AR,Arkansas,Y,28291.0,12450.0,1081.0,13531.0,852157,34.9513,-92.3809,760825,91332,Nov,2019
NH,New Hampshire,Y,6591.0,5121.0,677.0,5798.0,176734,47.5362,-99.79299999999999,161605,15129,Nov,2019
VT,Vermont,Y,4925.0,3165.0,69.0,3234.0,149642,31.105999999999998,-97.6475,145131,4511,Nov,2019
ME,Maine,Y,6287.0,10727.0,770.0,11497.0,255593,39.0724,-76.7902,243514,12079,Nov,2019
GA,Georgia,N,37939.0,19673.0,661.0,20334.0,1801767,27.8333,-81.717,1596947,204820,Nov,2019
MS,Mississippi,N,15537.0,11038.0,727.0,11765.0,607772,38.4623,-92.302,531528,76244,Nov,2019
WY,Wyoming,N,1495.0,885.0,46.0,931.0,53843,44.0407,-72.7093,49656,4187,Nov,2019
VA,Virginia,Y,29341.0,48979.0,1058.0,50037.0,1372173,35.7449,-86.7489,1222280,149893,Nov,2019
WI,Wisconsin,N,22817.0,17196.0,1341.0,18537.0,1035364,37.768,-78.2057,966981,68383,Nov,2019
NJ,New Jersey,Y,37451.0,15644.0,6373.0,22017.0,1679110,41.1289,-98.2883,1452517,226593,Nov,2019
AK,Alaska,Y,2936.0,2601.0,190.0,2791.0,221152,61.385,-152.2683,204574,16578,Nov,2019
TN,Tennessee,N,17370.0,12778.0,1052.0,13830.0,1433004,41.6772,-71.5101,1379398,53606,Nov,2019
ID,Idaho,N,18572.0,14617.0,1843.0,16460.0,265065,42.0046,-93.214,239148,25917,Nov,2019
MI,Michigan,Y,51528.0,50124.0,2234.0,52358.0,2284611,44.6074,-69.3977,2219198,65413,Nov,2019
MN,Minnesota,Y,28083.0,17916.0,0.0,17916.0,1020355,43.3504,-84.5603,1019160,1195,Nov,2019
WV,West Virginia,Y,17313.0,10606.0,633.0,11239.0,510779,18.0001,-64.8199,476539,34240,Nov,2019
HI,Hawaii,Y,4979.0,5831.0,513.0,6344.0,326580,32.9866,-83.6487,301078,25502,Nov,2019
NV,Nevada,Y,27507.0,10746.0,90.0,10836.0,626688,40.314,-74.5089,586167,40521,Nov,2019
NY,New York,Y,1192215.0,101713.0,6286.0,107999.0,6480784,34.8375,-106.2371,5792620,688164,Nov,2019
NE,Nebraska,N,5406.0,5443.0,1386.0,6829.0,243090,35.6411,-79.8431,208679,34411,Nov,2019
FL,Florida,N,252287.0,148939.0,19861.0,168800.0,3621088,39.3498,-75.5148,3380922,240166,Nov,2019
MD,Maryland,Y,113000.0,38791.0,4673.0,43464.0,1317729,42.2373,-71.5314,1175966,141763,Nov,2019
DC,District of Columbia,Y,5198.0,3055.0,0.0,3055.0,249832,41.5834,-72.7622,233983,15849,Nov,2019
DE,Delaware,Y,4745.0,4428.0,762.0,5190.0,246494,38.8964,-77.0262,235103,11391,Nov,2019
MO,Missouri,N,19334.0,9255.0,441.0,9696.0,833914,45.7326,-93.9196,797931,35983,Nov,2019
RI,Rhode Island,Y,1566.0,2037.0,149.0,2186.0,290961,44.5672,-122.1269,258198,32763,Nov,2019
CT,Connecticut,Y,22073.0,17602.0,502.0,18104.0,847287,39.0646,-105.3272,827095,20192,Nov,2019
KS,Kansas,N,0.0,0.0,0.0,0.0,374705,39.8647,-86.2604,317167,57538,Nov,2019
CO,Colorado,Y,22960.0,18693.0,285.0,18978.0,1266840,36.17,-119.7462,1188502,78338,Nov,2019
NC,North Carolina,N,21684.0,27137.0,2796.0,29933.0,1730817,32.7673,-89.6812,1457217,273600,Nov,2019
IN,Indiana,Y,72057.0,27423.0,2502.0,29925.0,1461776,40.3363,-89.0022,1350626,111150,Nov,2019
